objectid,filename,title,description,creator,subject,date,formato_fisico,awards,track_count,duration,tracks,format
item001,item001.jpg,Un verano sin ti,"Lanzado en 2022, este √°lbum redefini√≥ la m√∫sica latina global convirti√©ndose en la banda sonora absoluta del verano eterno. Benito se aleja del trap oscuro para abrazar los sonidos caribe√±os, fusionando reguet√≥n, merengue y mambo con una est√©tica relajada y melanc√≥lica.
A trav√©s de sus 23 canciones, el disco funciona como una playlist perfecta que transita entre la fiesta y la soledad. Incluye himnos generacionales como 'Tit√≠ me pregunt√≥', 'Me porto bonito' y 'Moscow Mule', consolidando al puertorrique√±o como el artista n√∫mero uno del mundo.",Bad Bunny,Reggaet√≥n;Pop latino;Alt. urbano,2022,Digital;CD,2 Latin Grammys y 1 Grammy (Mejor √Ålbum de M√∫sica Urbana),23,1:21h,Moscow Mule;Despu√©s de la Playa;Me porto Bonito;Tit√≠ Me Pregunt√≥;Un Ratito;Yo No Soy Celoso;Tarot;Neverita;La Corriente;Efecto;Party;Aguacero;Ens√©√±ame a Bailar;Ojitos Lindos;Dos Mil 16;El Apag√≥n;Otro Atardecer;Un Coco;Andrea;Me Fui de Vacaciones;Un Verano Sin Ti;Agosto;Callaita,image/jpeg
item002,item002.jpg,Descanso en Poder,"Publicado en 2020, este trabajo conceptual marc√≥ un antes y un despu√©s en la carrera del granadino, present√°ndose como un falso retiro musical. Es una obra madura donde perfecciona su f√≥rmula √∫nica de 'm√∫sica folkl√≥rica atemporal' mezclada con autotune y sonidos urbanos.
El √°lbum destaca por su introspecci√≥n y emotividad, alej√°ndose de las tendencias vac√≠as para ofrecer letras profundas sobre la familia, el √©xito y la ra√≠z. Canciones como 'La Recomienda' o 'Yalo Yale' demuestran por qu√© Dellafuente es una figura de culto en la escena espa√±ola.",Dellafuente,Flamenco urbano;Trap;Fusi√≥n,2020,Digital;CD;Vinilo,Mejor debut espa√±ol en streaming (2020) Spotify Espa√±a,10,27:30min,Intro;Toco El Cielo;Yalo Yale;La Recomell√≠a;Saturaci√≥n;Palante y Patr√°s;Flores Pa Tu Pelo;Libertad y Salud;Pa Que No Te Duermas;Nubes,image/jpeg
item003,item003.jpg,Pretty Boy Dirty Boy,"El segundo √°lbum de estudio del colombiano, lanzado en 2015, fue el catalizador que lo transform√≥ en una superestrella internacional. El concepto juega con la dualidad de su personalidad: el lado rom√°ntico y pop ('Pretty Boy') frente al lado seductor y callejero ('Dirty Boy').
Este disco defini√≥ el sonido del pop urbano de la d√©cada, entregando √©xitos masivos como 'Borro Cassette', 'El Perdedor' y 'Sin Contrato'. Es la mezcla perfecta de baladas pegadizas y reguet√≥n comercial que abri√≥ las puertas del mercado global a Maluma.",Maluma,Pop latino;Reggaet√≥n,2015,Digital;CD;Vinilo,Disco de Diamante (Latin) en EE.UU,16,55:56min,Borr√≥ Cassette;¬øD√≥nde Est√°s?;El Perdedor;Me Gustas;Sin Contrato;Una Aventura;Tengo Un Amor;Pretextos;Ya No Es Ni√±a;Solos;Tu Cari√±o;Rec√∫erdame;La Misma Moneda;Vuelo Hacia el Olvido;El Tiki Lyrics;Carnaval,image/jpeg
item004,item004.jpg,ISLAND BOYZ,"Lanzado a mediados de 2025, este √°lbum supone el regreso triunfal de Myke Towers a sus ra√≠ces m√°s tropicales y caribe√±as, alej√°ndose de la dureza del trap para ofrecer un sonido dise√±ado para el verano y la costa.
El proyecto destaca por fusionar el reguet√≥n cl√°sico con afrobeats y ritmos relajados, como se escucha en colaboraciones estelares como 'Soleao' (junto a Quevedo) o 'Rica Bebe' (con De La Ghetto). Un disco luminoso que busca conectar con la fiesta y la buena vibra sin perder la l√≠rica afilada del Young King.",Myke Towers,Trap latino;Reggaet√≥n,2025,Digital;CD,Disco de Platino (Latin) en EE.UU. (RIAA),23,1:15h,LA DESPEDIDA;JETSKO;SUNBLOCK;EL GISTRO;SURFERITA;ME HACES FALTA;NO HAY BREAK;TENGO CELOS;EXPECTATIVAS;DE GYM;SOLEAO;BUCHANANS 18;MAR ABIERTO;POR UN QLO AS√ç;SE√ëORA;RICA BEB√â;SE REVEL√ì;NO QUIERE FLORES;FREAKY;PI√ëA COLADA / LAS PALMAS;100 COPAS;MON√ìTONO;ISLA,image/jpeg
item005,item005.jpg,SATURNO,"Estrenado en 2022, es un viaje experimental hacia el espacio exterior y los sonidos de los a√±os 90. Rauw rompe con el reguet√≥n convencional para apostar por el Miami bass, el freestyle y la electr√≥nica, creando una est√©tica retro-futurista √∫nica.
El √°lbum es una experiencia inmersiva llena de energ√≠a, dise√±ada para pistas de baile de otra galaxia. Temas como 'Punto 40', 'Lokera' y 'Ron Cola' demuestran su capacidad para reinventarse y liderar la vanguardia del g√©nero urbano.",Rauw Alejandro,Pop urbano;Synthwave;Reggaet√≥n,2017,Digital;CD,Disco de Platino en Espa√±a (PROMUSICAE),18,1:03h,SATURNO;PUNTO 40;M√ÅS DE UNA VEZ;LEJOS DEL CIELO;DEJAU';GATAS;PANTIES Y BRASIERES;CAZADORES;DECA'A LAS VEGAS (INTERLUDE);QU√â RICO CH**GAMOS;RON COLA;NO ME SUELTES;VERDE MENTA;CORAZ√ìN DESPEINADO;DIME QUI√âN????;RAULEETO (Skit);DE CAROLINA;LOKERA,image/jpeg
item006,item006.jpg,La Madrug√°,"Un proyecto √≠ntimo y conceptual que captura la esencia de la noche y la melancol√≠a del barrio de El Palo. Delaossa utiliza este EP para explorar sus miedos y ambiciones con una honestidad brutal, acompa√±ado de producciones atmosf√©ricas y elegantes.
Aunque breve, es una pieza fundamental para entender la profundidad l√≠rica del malague√±o. Canciones como 'Veneno' muestran su habilidad para narrar historias cotidianas cargadas de sentimiento, consolid√°ndolo como uno de los mejores letristas de su generaci√≥n.",Delaossa,Hip-hop;Rap espa√±ol,2025,Digital;Vinilo,#2 Debut Mundial en Spotify (2025 Spotify),17,57:49min,Un Gran Sue√±o;2 The Sky;Rey;Si Tu Supieras;La Barra Del Bar;Vulnerable;Bling Bling;El√≠seos;√Ångel;Cu√°nto Falta;Demonios De Blanco;Mariposas Rojas;Lim√≥n y Sal;Nueva Season;Still Luvin;Estrella;Otro Amanecer,image/jpeg
item007,item007.jpg,Sauce Boyz 2,"Publicado a finales de 2021, es la obra magna que coron√≥ a Eladio como el rey del trap en espa√±ol. Un disco extenso y vers√°til donde el artista demuestra que puede fluir sobre cualquier ritmo, desde el drill m√°s agresivo hasta el synth-pop o el reguet√≥n.
La lista de colaboradores es de primer nivel (Karol G, Bad Bunny, Rels B), pero es la personalidad y el 'barranqueo' de Eladio lo que brilla. Himnos como 'J√≥venes Millonarios' o 'Mbapp√©' son prueba de su dominio t√©cnico y su estatus en la escena internacional.",Eladio Carri√≥n,Trap latino;Rap,2021,Digital,Disco de Platino en Espa√±a (PROMUSICAE),22,1:06h,Par de Tenis;Claro Cristal;No Te Deseo El Mal;Flores En An√≥nimo;Fuego;Miradas Raras;Me Gustas Natural;Quienes Son Ustedes;Alejarme de Ti;Gastar;Hola Como Vas;Sin Frenos;Socio;J√≥venes Millonarios;No Me Importa Un Carajo;Mami Dijo;Cheque;Como Sea;Primera Vez;Cuarentena;Touch Your Body;Sauce Boy (Freestyle 5),image/jpeg
item008,item008.jpg,Lo Mejor De Lo Peor,"Lanzado en 2019, este √°lbum es una c√°tedra de estilo y c√≥digos callejeros por parte de uno de los padres del trap en Espa√±a. Kaydy Cain se aleja de la radiof√≥rmula para entregar un sonido crudo, real y fiel a la esencia del 'barrio'.
Es un disco que celebra la lealtad y critica la falsedad de la industria, mezclando ritmos de reguet√≥n cl√°sico, salsa y trap. Temas como 'Mentiroso' o 'Algo como t√∫' mantienen viva la llama de Pxxr Gvng con una producci√≥n que suena a calle y autenticidad.",Kaydy Cain,Trap;Reggaet√≥n;Dancehall,2019,Digital,"√Ålbum de Culto del Trap Espa√±ol",11,37:21min,M√°s Dinero Que Fe;Mentiroso;Lobo y Loba;Si Lo Repartes Crece;Mam√°;Soy un G;Estoy Recordando;Algo Como T√∫;El Otro;Lo Mejor de Lo Peor;Si No Estoy,image/jpeg
item009,item009.jpg,Keoland,"El √°lbum que defini√≥ la est√©tica 'Rockstar' de Kidd Keo en 2018. Fue una apuesta arriesgada que introdujo un sonido trap internacional, caracterizado por el uso del Spanglish y unos bajos potentes dise√±ados para retumbar en festivales.
M√°s all√° de la controversia, el disco ciment√≥ su base de fans global y su estilo √∫nico. Tracks ic√≥nicos como 'Superstars' o 'Pitbull' muestran la energ√≠a explosiva y la actitud desafiante que convirtieron a Keo en un referente del trap duro en Europa.",Kidd Keo,Trap;Hip-hop,2018,Digital,Hito en Listas (Top 59 en listas de Espa√±a),7,24:40min,One;Dbtrap;#Freetag;Skrr;Flashback;Never Knew How to Love;Miss U,image/jpeg
item010,item010.jpg,L√°grimas desordenadas,"Publicado el 13 de noviembre de 2012, 'L√°grimas desordenadas' supone la reinvenci√≥n del artista asturiano, dejando atr√°s su etapa m√°s 'canalla' para abrazar un sonido m√°s sofisticado y rockero.
A trav√©s de sus 11 canciones, Melendi combina baladas rom√°nticas con letras cargadas de iron√≠a y cr√≠tica social, destacando √©xitos masivos que definieron su nueva etapa musical como 'Tu jard√≠n con enanitos'.",Melendi,Pop;Pop-rock espa√±ol,2012,Digital;CD;Vinilo,Triple Disco de Platino en Espa√±a,11,45:27min,Tu Jard√≠n Con Enanitos;Lagrimas Desordenadas;Cheque Al Portamor;Tu Lista De Enemigos;Aprendiz de Caballero;Autofotos;Mi Primer Beso;La Tortura De Lyss;De Peque√±o Fue El Coco;Gatos Celestes;De Repente Despert√©,image/jpeg
item011,item011.jpg,Me muevo con dios,"Lanzado en 2023, es el proyecto m√°s ambicioso del artista canario hasta la fecha. Un √°lbum conceptual y denso que equilibra el flexeo del √©xito con una introspecci√≥n profunda sobre la fe, la lealtad y el precio de la fama.
Con una producci√≥n impecable y una lista de temas extensa, Cruzzi demuestra por qu√© es el 'tibur√≥n' de la escena. Canciones como 'Sangre y Fe' (con Quevedo) o '4 Prez' son demostraciones de t√©cnica y carisma que lo elevan al olimpo del rap en espa√±ol.",Cruz Cafun√©,Trap;Rap,2023,Digital;Vinilo,"Disco de Platino en Espa√±a (PROMUSICAE).",23,1:16h,TURBO // Epifan√≠a;Dios #1;s3_e07_theboondocks_dvdrip.mpeg;BABI BOI;4 PREZ;Cangrinaje;Ja Morant;FAXXXxxx;ABAMA Jr. Suite;Folel√©;RE-UP;Close friends;1‚Ç¨ cada vez;Sangre y Fe;goofy ahh luv joint;LUISAViAROMA;Retro 11s;Corintios 13:12;Movezz en silencio;G WAGON;Practice;Fabiola;Me Muevo Con Dios,image/jpeg
item012,item012.jpg,Flakk Daniel's Lp,"El disco de 2018 que marc√≥ el punto de inflexi√≥n en la carrera de Rels B hacia el estrellato masivo. Aqu√≠, el mallorqu√≠n pule su sonido caracter√≠stico: una mezcla suave y elegante de hip-hop, R&B y pop que entra sola.
Es un trabajo hedonista y rom√°ntico, perfecto para escuchar en bucle. Temas como 'Lejos de ti' o 'Es mejor' se convirtieron en cl√°sicos instant√°neos gracias a su simplicidad mel√≥dica y a la capacidad de Skinny Flakk para conectar emocionalmente con el oyente.",Rels b,R&B;Hip-hop;Pop urbano,2018,Digital,M√∫ltiples discos de oro y platino por sus canciones,10,29:29min,Open Your Eyes;Love It;Es Mejor;Reina de Pikas;Diles;Buenos Genes;Flakk's Plan;Dime Que No;Lejos de Ti;Si Me Muero,image/jpeg
item013,item013.jpg,Portate Bien!,"Publicado en mayo de 2025, este segundo √°lbum confirma a Mvrk como la punta de lanza de la nueva ola urbana. Es un trabajo agresivo, directo y cargado de personalidad que mezcla el trap de vanguardia con toques pop y electr√≥nicos.
Con 18 temas y colaboraciones estrat√©gicas, el disco rechaza las etiquetas convencionales. Canciones como 'DAMN' (con D.Valentino) o 'Suena COOL' demuestran un sonido fresco y desenfadado que conecta perfectamente con la generaci√≥n m√°s joven, consolidando su ascenso desde el underground.",Mvrk,Trap;Drill;Urbano,2025,Digital,√Ålbum Destacado del Plug (Fleek Mag),18,46:44min,YOTMB;t√∫ sabes;Fell In Love;DAMN;Facetime!;Suena COOL;zigzag;Auxilio;Warning;CONF√çO DE +;FOOL:interludio;NoSTOi;byeBYE;ME FUI;Ten√≠a FE;Dos Caras;Apretar +;Linda Vida Pls Behave,image/jpeg
item014,item014.jpg,Para√≠so,"Lanzado en 2022, este √°lbum es pura energ√≠a electr√≥nica fusionada con el reguet√≥n m√°s bailable. Mora se confirma no solo como un gran compositor, sino como un visionario de la producci√≥n, creando un sonido experimental que invita a la fiesta constante.
El disco est√° dise√±ado para sonar en clubes y festivales, con transiciones fluidas y beats futuristas. √âxitos virales como 'Memorias' o 'La Inocente' destacan en un tracklist que no da respiro y que elev√≥ al puertorrique√±o a la primera l√≠nea del g√©nero.",Mora,Reggaet√≥n;Pop urbano,2022,Digital,"Disco de Oro en Espa√±a, Chile y Colombia.",14,43:08min,BIENVENIDA AL PARA√çSO;DOMINGO DE BOTE;APA;CALENT√ìN;COSITAS;EN LA ORILLA;MODELITO;CASUALIDAD;AIRBNB;T√ö SABES DONDE VIVO;EIVISSA;COMO HAS ESTAU?;MALAFAMA;QU√â HABILIDAD,image/jpeg
item015,item015.jpg,Ameri,"El proyecto m√°s esperado y personal de Duki, que representa la culminaci√≥n de su viaje desde las batallas de gallos hasta llenar estadios. Concebido como su 'nirvana' musical, es un √°lbum donde el argentino busca la trascendencia sonora y l√≠rica.
Centrado en un sonido trap evolucionado y atmosf√©rico, Ameri explora la soledad en la cima y la madurez art√≠stica. Es el testimonio de una leyenda viva que, tras probar el reguet√≥n, vuelve a sus ra√≠ces para entregar el disco definitivo de su carrera.",Duki,Trap argentino;Drill;Rap,2024,Digital;Vinilo,Disco de Oro en Espa√±a.,15,45:48min,Leitmotiv;Nueva Era;Brindis;Buscarte Lejos;Imperio;Hardaway;Cine üö¨;Vida de Rock;No Drama;Barro;Un D√≠a M√°s;Trato de Estar Bien;Wake Up & Bake Up;Constelaci√≥n;Ameri,image/jpeg
item016,item016.jpg,Planes de medianoche,"Lanzado a principios de 2024, es el √°lbum que consolid√≥ a Young Cister como una de las voces m√°s vers√°tiles y elegantes de Chile. Un trabajo nocturno y emotivo que navega por el R&B, el trap mel√≥dico y la electr√≥nica suave.
El disco destaca por su cohesi√≥n y sensibilidad, ideal para escuchas nocturnas. A trav√©s de sus letras, Cister explora el amor y las relaciones modernas con un estilo sofisticado que lo diferencia del resto de la escena urbana chilena.",Young Cister,Reggaet√≥n;R&B urbano,2024,Digital;Vinilo,"Gaviotas de Oro y Plata (Festival Vi√±a del Mar 2024).",13,37:59min,humoOo;Bellaka;CON LOS AROS 22;BADGYAL;HASTA LA LUNA;Hennessy;Perfecta;PUERTO ESCONDIDO;RICO;Vivo Cabr√≥n;sol & prada;CAPRIXOS;graciaaas :),image/jpeg
item017,item017.jpg,Sempre Cor Deluxe,"Lanzada en abril de 2025, esta edici√≥n expandida del √°lbum debut de C Mar√≠ reafirma al valenciano como una de las revelaciones del a√±o. El proyecto ampl√≠a su universo sonoro mezclando con naturalidad el pop, la m√∫sica urbana y toques underground.
La versi√≥n Deluxe a√±ade temas esenciales que completan la narrativa del disco original. Canciones como 'Babal√†' o 'Sempapa' (junto a Mushkaa) destacan por su frescura y demuestran la capacidad del artista para crear melod√≠as pegadizas sin perder su esencia autoral.",C Mari,Trap;Pop urbano,2025,Digital,Top Discos Nacionales del A√±o (Acero Magazine),20,58:55min,Intro;2AM;IBAN;Bachata y Reggaeton;Richter;Sempapa;Tan Lines;La Ropa;Qtalhoy;Contacto;Mil Veces;Marti√±o Rivas Freestyle;DSPB;Mi Primera Cana;Jugador;Ninja Defuse Freestyle;Babal√†;90%;Dime que No;+ Duro,image/jpeg
item018,item018.jpg,Atrevido,"El debut explosivo de 2020 que puso al barrio de La Boca en el mapa mundial. Trueno se presenta con una fuerza arrolladora, fusionando el rap de la vieja escuela con el trap moderno y la identidad argentina.
Es un disco lleno de orgullo, flow y barras afiladas. El √©xito mundial 'Mamichula' y el himno 'Sangr√≠a' (con Wos) son los pilares de un √°lbum que demostr√≥ que el freestyle argentino pod√≠a traducirse en obras de estudio de alt√≠sima calidad.",Trueno,Rap;Hip-hop;Boom bap,2020,Digital,"Cu√°druple Disco de Platino en Argentina.",10,30:19min,2.0.1.9;Rain II;Atrevido;Cucumelo;G.P.S.;Azul y Oro (Freestyle);Sangr√≠a;√ëeri;Background;Mamichula,image/jpeg
item019,item019.jpg,PO2054AZ(Vol.II),"Publicado en 2023, es la continuaci√≥n del viaje introspectivo del artista gallego. Un √°lbum ambicioso y ecl√©ctico que desaf√≠a los g√©neros, mezclando pop, garaje y sonidos urbanos con una est√©tica visual y sonora sumamente cuidada.
Sen Senra se confirma aqu√≠ como un crooner moderno, capaz de transmitir emoci√≥n pura con una producci√≥n sofisticada. Temas como 'Uno de eses gatos' o 'No quiero ser un cantante' reflejan su b√∫squeda de la belleza y la originalidad en un mercado saturado.",Sen Senra,Indie pop;R&B alternativo,2024,Digital;CD;Vinilo,"Mejores Discos Nacionales del A√±o MondoSonoro",24,53:56min,Mensaje De Audio 1;New Me;Entrelazados;Mis Amigos Opinan Lo Mismo (Este Volumen Pide Outro);Hermosa Casualidad;Enterrar La Mala Suerte;Para Los Que Llegan Tarde-Interludio;Ata√∫d;Incondicional;Recorrerte;Un Cielo Azul;Mensaje De Audio 2;YE YE;Permiso;Llorando x 1;Mensaje De Audio 3;Romper La Curiosidad;Much√≠simo;Meu Amore;Quiero Decirte;Kintsugi;Mensaje De Audio 4;No Se Preocupe;Monolito,image/jpeg
item020,item020.jpg,Concreto,"Lanzado en febrero de 2025, este mixtape consolida a L'Haine como una voz imprescindible del underground espa√±ol. Es un trabajo crudo y atmosf√©rico, que captura la frialdad de la 'jungla de cemento' con producciones oscuras y letras viscerales.
El proyecto destaca por su narrativa urbana y su sonido envolvente, cercano al drill y al trap emocional. Temas como 'Comodines' o las colaboraciones con MVRK muestran a un artista que ha sabido pulir su estilo √∫nico, convirtiendo la tristeza y la calle en arte.",L'Haine,Rap;Trap,2025,Digital;Vinilo,DSCVR Artists to Watch (Vevo),7,21:08min,KIM;CANGREJOS;HOT!;COMODINES;COLORES;MARLO;CDC,image/jpeg
item021,item021.jpg,Lux,"Lanzado en noviembre de 2025, el cuarto √°lbum de estudio de Rosal√≠a vuelve a romper esquemas. Alej√°ndose del minimalismo de Motomami, la catalana se adentra en el pop orquestal y el avant-pop, creando una obra grandilocuente y luminosa.
Lux es un ejercicio de virtuosismo vocal y producci√≥n compleja, donde lo cl√°sico se encuentra con el futuro. Un disco conceptual que explora la claridad y la esperanza, demostrando una vez m√°s que Rosal√≠a juega en una liga propia, muy por delante de las tendencias.",Rosalia,Pop,2025,Digital;CD;Vinilo,Disco de Platino en Espa√±a,15,49:35min,Sexo Violencia y Llantas;Reliquia;Divinize;Porcelana;Mio Cristo Piange Diamanti;Berghain;La Perla;Mundo Nuevo;De Madrug√°;Dios Es Un Stalker;La Yugular;Sauvignon Blanc;Mem√≥ria;Magnolias,image/jpeg
item022,item022.jpg,Rosa&Rojo,"Publicado a finales de 2024, este trabajo posiciona a D.Valentino como una de las figuras emergentes m√°s interesantes. El √°lbum navega por una dualidad emocional y sonora, fusionando melod√≠as urbanas con una sensibilidad indie muy particular.
Con una producci√≥n cuidada y un tono melanc√≥lico, el disco ofrece temas como 'marihuana' y 'entre la luna y yo'. Es una carta de presentaci√≥n s√≥lida que destaca por su honestidad y por un sonido envolvente que atrapa desde la primera escucha.",D.Valentino,R&B,2024,Digital;CD,#59 de la lista ‚ÄúTop 100 √Ålbumes Espa√±a‚Äù,12,29:09min,Koro-sensei;marihuana;pov;fvck;voodoo;Entre la luna y yo;instante;demasiao;play;platanomelon;mikasa;Rosa&Rojo,image/jpeg
item023,item023.jpg,N2STAL5IA,"Lanzado en noviembre de 2025, este √°lbum es un viaje emocional a la crisis de los 25 a√±os. Natalia Lacunza entrega su obra m√°s madura y electr√≥nica, jugando con el concepto de la nostalgia generacional y el crecimiento personal.
El disco combina el synth-pop con letras √≠ntimas y vulnerables. Canciones como 'Singapur' o 'Plastilina' destacan en un tracklist que funciona como un abrazo para quienes se sienten perdidos en la vida adulta, consolidando su sello de identidad √∫nico en el pop espa√±ol.",Natalia Lacunza,Pop;R&B,2025,Digital;CD;Vinilo,#8 de la lista ‚ÄúTop 100 √Ålbumes Espa√±a‚Äù,14,36:36min,Apego Feroz;SABES QU√â???;CANCIONES SOBRE NADA;Mal De 2;Un Castigo;Faber Castell;SINGAPUR;R√°pido;Te Enamoraste;Lo De Antes;UnDosTres;Otro Culito;NOKIA;PLASTILINA,image/jpeg
item024,item024.jpg,Nectar,"Lanzado en 2020, este √°lbum termin√≥ de consagrar la transformaci√≥n de Joji de fen√≥meno de internet a artista de culto del R&B alternativo. Es una obra larga, melanc√≥lica y cinematogr√°fica, llena de arreglos orquestales y voces et√©reas.
A trav√©s de sus 18 canciones, Joji explora la fama, el desamor y la soledad con una belleza inquietante. √âxitos globales como 'Run' o 'Sanctuary' demuestran su talento para crear melod√≠as pop perfectas envueltas en una atm√≥sfera oscura y espacial.",Joji,R&B alternativo;Pop-Rock Espa√±ol,2020,Digital;CD;Vinilo,√Ålbum de oro,18,53:14min,Ew;MODUS;Tick Tock; Daylight;Upgrade;Gimme Love;Run;Sanctuary;High Hopes (feat. Omar Apollo);Nitrous;Pretty Boy (feat. Lil Yachty);Normal People (feat. Rey Brown);Afterthought (feat. Benee);Mr. Hollywood;777;Reanimator (feat. Yves Tumor);Like You Do;Your Man,image/jpeg